case_id,item_type,item_id,subreddit,post_id,title,text,url,sources,relevance,evidence,notes
study_accountability,community,studypartner,studypartner,,,,https://www.reddit.com/r/studypartner/,,3,"Directly centers on finding study partners, which is the core use case.",
study_accountability,community,studying,studying,,,,https://www.reddit.com/r/studying/,,2,"Broad study community with clear overlap with study partners, accountability, and virtual co-studying.",
study_accountability,community,getstudying,getstudying,,,,https://www.reddit.com/r/getstudying/,,3,"Strong match to study accountability, motivation, and getting help with consistent studying.",
study_accountability,community,motivation,motivation,,,,https://www.reddit.com/r/motivation/,,1,General motivation community; studying is only one possible application.,
study_accountability,community,virtualassistant,virtualassistant,,,,https://www.reddit.com/r/virtualassistant/,,0,Virtual assistant work is unrelated to virtual study partners.,
study_accountability,community,studytips,studytips,,,,https://www.reddit.com/r/studytips/,,2,"Focused on studying and is likely relevant to study-productivity problems, but accountability is not its defining purpose.",
study_accountability,community,virtualassistantph,virtualassistantph,,,,https://www.reddit.com/r/virtualassistantph/,,0,It is a virtual-assistant community rather than virtual study/accountability community.,
study_accountability,community,studynexus,studynexus,,,,https://www.reddit.com/r/studynexus/,,0,Subreddit content is dominated by exam/assignment services and proctoring-related posts,
study_accountability,community,virtualassistance_hub,virtualassistance_hub,,,,https://www.reddit.com/r/virtualassistance_hub/,,0,Irrelevant community content,
study_accountability,community,virtualassistant4hire,virtualassistant4hire,,,,https://www.reddit.com/r/virtualassistant4hire/,,0,Irrelevant community content,
study_accountability,community,studykit,studykit,,,,https://www.reddit.com/r/studykit/,,1,Product-support subreddit for StudyKit app; no accountability content.,
study_accountability,community,findapath,findapath,,,,https://www.reddit.com/r/findapath/,,1,"Adjacent, but not a direct target.",
study_accountability,community,prolificac,prolificac,,,,https://www.reddit.com/r/prolificac/,,0,Not relevant; Focused on paid research studies and platform issues.,
study_accountability,community,wguaccounting,wguaccounting,,,,https://www.reddit.com/r/wguaccounting/,,1,"Focused on WGU Accounting, exams, CPA, and careers.",
study_accountability,thread,1wilvyt,getstudying,,"Trying to build a ""lock in"" study/work group, anyone else interested?","Hey guys, new school year and I'm trying to actually lock in this time instead of falling off after week 2 lol. Thought it'd be cool to start a small community for people who want to do the same — like a group where whenever you need someone to grind with, or just want some accountability so you actually sit down and work, someone's around.

Idea is just a group where we can hop in, share what we're working on, maybe do some co-working/study sessions together, and keep each other on track. Nothing fancy, just trying to get enough people in so it's actually active.

If that sounds like something you'd want, drop a comment or DM me and I'll get this going.",https://www.reddit.com/r/getstudying/comments/1wilvyt/,,3,Tries to build a study/ work group,
study_accountability,thread,1vgikvf,getstudying,,I cut my screen time from 13+ hours to 3 hours. Here’s what finally worked.,"About a month ago, my average screen time was **13+ hours a day**. I wasn’t proud of it, but no matter what I tried, nothing lasted.

I used Apple Screen Time, deleted social media, set timer limits - you name it. The problem was simple: **I could always bypass the restrictions myself.**

Then I found **Screen time blocking apps** (I personally used Opal). They really didn’t change much at first since whenever I hit the time limits I could easily unblock them.

The real change happened when I let my roommate set the pin for the. Since I’m pretty introverted, asking them for the PIN every time I wanted to scroll felt awkward enough that I usually didn’t. That small bit of accountability completely changed my habits.

The first week was very frustrating that I used to pick up phone and just stare at apps without doing anything. Today, my average screen time is **around 3 hours a day**. And one day feels soo much longer than before.

The biggest improvement has been in my studies. I’m finally able to sit down and focus without checking my phone every few minutes. I finish what I plan to study, sleep earlier, and don’t end the day wondering where all my time went.

I realized I didn’t need more willpower - I just needed to remove the option to make impulsive decisions.

*(Attached is my screen time before vs. last week.)*

If you don’t want to involve a friend or family member, Opal also has a **Hard Mode** where you can’t simply unblock your apps. If anyone wants to try it, my referral link gives you a **30-day free trial**. It’s a referral link, so just wanted to be transparent: [Opal](https://applink.opal.so/invite-friend?rc=55QRE)",https://www.reddit.com/r/getstudying/comments/1vgikvf/,,2,The post is primarily about reducing screen time rather than finding a study partner; however it does discuss using another person for accountability to improve study focus,
study_accountability,thread,1wjf5za,getstudying,,Anyone want to join our online study group?,"I’m putting together a study group for anyone who wants some company and accountability while they work. No need to study the same subject. Just bring one thing you want to finish, do a focused session, and check in afterward.

If you’re interested, reply with what you’re studying and I’ll reply with the details. Come grind with us.",https://www.reddit.com/r/getstudying/comments/1wjf5za/,,3,Asks if people want to join their study accountability group.,
study_accountability,thread,1wimiqm,studying,,"Trying to build a study/work group, anyone else intersted?","Hey guys, new school year and I'm trying to actually lock in this time instead of falling off after week 2 like usual lol. I thought it'd be cool to start a small community for people who want to actually stay consistent. 

Idea is basically a group where whenever you need someone to grind with, or just want some accountability so you actually sit down and work instead of doom scrolling, someone's around. Doesn't have to be the same subject or even the same school. Sometimes just knowing other people are also locked in and working is enough to get you to open also do some work.

We can do stuff like co-working/study sessions where people hop on and just work in silence together, share what we're grinding on that day or maybe check in on each other's progress. Whatever ends up being useful once we get people in. Nothing super structured yet and I'd rather build it around what the group actually wants. Just trying to get enough people in so it's actually active and there's always someone around when you need to lock in.

If that sounds like something you'd want, drop a comment or DM me and I'll add you. Even if you're not sure, feel free to join and see if it's useful, no pressure either way.",https://www.reddit.com/r/studying/comments/1wimiqm/,,3,Wants to build a study accountability group.,
study_accountability,thread,1vhf46m,getstudying,,Day 4 - study accountability challenge UPDATE !!,"woke up at 5 am .. woke up completely exhausted 

Studying is hard and not studying is even harder ..

BUT I didn't skip the day .. I tried 

Despite the long breaks 

Still proud that I tried and push my self 

TODAY I truly understood the meaning of consistency 

not because I want to and I can .. 

But because I keeping going even when I don't want to even when I'm tired and everything thing around me feels heavy 

..

🌱",https://www.reddit.com/r/getstudying/comments/1vhf46m/,,2,"Direct continuation of a study-accountability challenge. However, it is more of an update rather than a discussion.",
study_accountability,thread,1wlkey7,studypartner,,26 M needs an accountability partner,Hello lovely people of reddit. I'm preparing for one of the most difficult competitive exams on this planet. I need a study / accountability partner to be really consistent with my studies. ,https://www.reddit.com/r/studypartner/comments/1wlkey7/,,3,Directly asks whether someone wants to be an accountability partner.,
study_accountability,thread,1vn1uia,getstudying,,Y'all I don't want to study,"I'm going to an online university. I don't even. Need to get ready and get out the house and get to a class, and I still don't have the motivation to study even one minute a day. Does anyone here want an accountability .. in a similar situation? If you don't want to study, how do you motivate yourself? I'm 32 female btw. I know I'm old already to be a student still lol. But I just want to have a career in it instead of low level jobs. So, any comments questions and suggestions appreciated!",https://www.reddit.com/r/getstudying/comments/1vn1uia/,,3,Directly asks whether someone wants to be an accountability partner.,
study_accountability,thread,1wlt0kq,studypartner,,I need an accountability study partner,"In class 12 rn with pcm, desperately need a study partner I can keep check with, study on vid calls and can keep me in check of not using phone, I study better when someone's keeping an eye on me",https://www.reddit.com/r/studypartner/comments/1wlt0kq/,,3,Directly asks whether someone wants to be a study partner.,
study_accountability,thread,1w5brz1,getstudying,,Need something good to work for.,"I've been trying to get myself to study for so long, but it just doesn't seem to work.

  
I've started hating it too much, and I'll find anything else to do. I also have very little discipline now, which means whatever distraction I find, I usually leave it and move onto some other distraction, so I don't end up becoming good even at the things I use to cope.

I used to have discipline, and I used to get some kind of happiness from studying, but I've lost both of those things as I grew up. 



A friend keeps referring to the ""carrot and stick"" method to help me, but as I've discussed with him, it won't work. Here's why:



I've been following the stick method for a while, and I've reached the point where I just take the punishment and make my peace with it(or find some loop around it sometimes if possible).

  
The carrot one doesn't work either cause I was given many promises (or ""carrots"") when younger, and they all remained unfulfilled. No long term reward is gonna work for that reason, and I can't think of any short term rewards.



I was thinking of finding someone who could hold me accountable, but I can't rely on any friends because I know they're not gonna be of any help.



How do I build discipline? How can I learn accountability of myself?",https://www.reddit.com/r/getstudying/comments/1w5brz1/,,3,Strong direct evidence of study/accountability need; specifically seeks external accountability.,
study_accountability,thread,1vge08t,getstudying,,Day3 - study accountability challenge UPDATE!!! ( Straight A+),"Today I woke up early and start studying at *5 am* .. it was a morning full of Diuretics .. watching YouTube lectures.. taking notes .. understand the core principles before diving into the actual lectures .. 

Kept going until *10 am*  with a few short breaks 

I didn't count the morning hours for today as a focuse study time though since I was mainly understanding basics and taking notes 

Not gonna lie I watched two episodes of one piece 😂😂😂😅 .. needed some quick entertainment to keep going .. and the great thing about it ... It doesn't scatter my focus .. just fun .. laughs .. and a lot of OMG / WOW moments hahahahaha 

At *12* *pm*  the real focus study hours began with breaks in between ( screenshot from forest attached ) 

And here I am .. end of the day 

**TODAY ' S RATING >>> 6/10 FULLY SATISFIED 🌟** 

**Tomorrow  is a new day .. another step toward that A+** ",https://www.reddit.com/r/getstudying/comments/1vge08t/,,2,"Direct continuation of a study-accountability challenge. However, it is more of an update rather than a discussion",
study_accountability,thread,1wdmr0j,studying,,Relax and Study with Me,"Hey everyone! I’m a grad nursing student who spends an unreasonable amount of time studying, reading, writing, teaching, and staring at my computer, so I figured I might as well make it a little less lonely.

I recently created a channel and started live-streaming some lo-fi/study beats while I work, with the goal of creating a small, supportive community for anyone who just needs some company while getting things done.

You definitely don’t have to be a student. Whether you’re studying for an exam, writing a paper, working from home, coding, reading, doing research, catching up on emails, or just trying to finally finish that thing you’ve been putting off, you’re welcome.

There’s no productivity competition and no pressure to be perfect. Just people quietly working alongside each other, encouraging one another, and hopefully making the process feel a little less isolating.

The streams are basically cozy lo-fi + study/work vibes + virtual accountability. 📚🎧☕🐾

I’m still figuring everything out and building the channel, but I’d really love for it to eventually become a little corner of the internet where people recognize each other and genuinely enjoy showing up to work together.

If that sounds like your kind of thing, come hang out and get some stuff done with me. 💜

Science. Kindness. Better tomorrows.

Current Live-Stream: [https://www.youtube.com/live/hEfw0FWBhFg](https://www.youtube.com/live/hEfw0FWBhFg)

Channel: [https://www.youtube.com/channel/UCgbqCbZgnkn2Y61hxYucVIQ](https://www.youtube.com/channel/UCgbqCbZgnkn2Y61hxYucVIQ)",https://www.reddit.com/r/studying/comments/1wdmr0j/,,3,Offers virtual study/work sessions. ,
study_accountability,thread,1wjg97w,studying,,"Building a ""locked in"" study/work group , anyone interested?","I’m trying to make studying feel a little less like sitting alone with a huge to-do list. I want to put together an online group where people can say what they’re working on, do a focused session, then check back in with what they actually got done.

You wouldn’t need to study the same subject or follow a strict schedule. Exam revision, assignments, job applications, personal projects, whatever you need to sit down and finish. The goal is some company and accountability, with room for normal breaks and days that don’t go to plan.

I’m still figuring out what format would work best. Would you prefer scheduled sessions where we all start together, or a group chat where people can drop in whenever they’re studying? And what makes an online study group useful enough for you to keep showing up?

If you’re interested, reply with what you’re working on and what kind of setup you’d want. I’ll reply back with the details once I’ve got a sense of what people need.",https://www.reddit.com/r/studying/comments/1wjg97w/,,3,Author is building a study/work group,
study_accountability,thread,1w9rzvt,studying,,Looking for a Study Partner | 8 Hours/Day | Google Meet + Camera ON,"Hey everyone!

We’re currently a group of 3 serious students looking for a few more people to join us for virtual co-studying/body doubling.

We’re all from different fields, so your field doesn’t matter — CA, medicine, engineering, college, competitive exams, etc. What matters is that you’re genuinely committed to studying around 8 hours a day.

How it works:

📚 Around 8 hours of focused study daily

🎥 Google Meet with camera ON

🤫 Mostly silent study — everyone studies independently

⏱️ Breaks can be taken together

🔥 Main focus is consistency and accountability

🌎 Any field/country is welcome if timings work

No need to interact constantly — just show up, keep your camera on, and get your work done. Having a few people studying alongside you makes it much easier to stay disciplined.

If you’re serious about doing 8 hours consistently, DM me with your field, timezone, and usual study timings.",https://www.reddit.com/r/studying/comments/1w9rzvt/,,3,"Request for virtual study partners, body doubling, and accountability through Google Meet.",
study_accountability,thread,1vl0od4,getstudying,,What are some exercises I can do to master the study techniques?,"Hey, I am Tamzy, this is a accountability question regarding I had in mind for a long time, but I felt like I’ve been doing the study techniques incorrectly and as I’m about to study a computer science course. I need to understand how to learn correctly, and memorize what I am doing when learning the content and answering questions critically before I graduate high school.

*1. During SQ3R, how can I correctly skim through all important text and ask rather than quickly reading through the sections of the text and asking questions after? I’ve struggled on this for a long time. And at recite section, how can actually remember what I have read to actively recall the questions critically in my own words without forgetting? What are some exercises I can do to master SQ3R?* 

*2. How can I take notes effectively in MY OWN WORDS without plagiarism? And after can be able to blurt down what I remembered and blurt down what I have missed? This is what I have struggled with the most, for YEARS. I also need some exercises to master this as well.* 

*3. How can I apply interleaving with space repetition for practice after learning the confusing topic of a subject? My friend gave me this technique but I didn’t understand it properly.* 

*4. How can I actually FOCUS and STAY ON TRACK for long sessions without distraction or burnout? I do not have a personal room in my household, and even after 2 hours worth of pomodoro of study I have quit. I need to stop this habit.* 

*5. What are some exercises I can do to master* *the* *Feynman technique, since I always sucked at taking proper notes and creating explanations.* 

*6. How can I stop taking every single detail from videos and not actually worrying about the important information crucial for the topic? I have always struggled on this for a long time too.* 

*7. How can I take notes without worrying about how “neat” the notes are? This was a major problem for me as well because instead of actually learning, I’m only worrying about the style of the notes.* 

*8. How can I create* *an* *effective calendar that breaks down tasks, topics and subjects I will learn?* 

*9. How can I take proper breaks without any distractions, longer breaks or sitting down all the time?* 

*10. How can I manage my health and sleep the proper way, since I have a terrible sleep schedule, and a bad diet.*

*11. How can I explain the topic properly to something as if I am teaching it to someone, since some material that I may explain may be wrong, or not explained properly as if I didn’t fully master it?* 

*12. How can I finish my self exams on time without running out of time? What are some exercises I can do to finish my self exams or real exams on time without doing bad?*

*13. Finally how can I stay consistent and well self disciplined rather than motivated?*

**These are everything I must take accountability on my own learning since I am dreaming of a huge future, that I should not give up own, and must learn like I am dominating every single topic I learn with success and discipline. Let me know!** ",https://www.reddit.com/r/getstudying/comments/1vl0od4/,,2,Asks for learning/study-technique advice rather than seeking a studying partner.,
study_accountability,thread,1vx84sn,getstudying,,Any recommendations for those group video study sites?,I’ve seen people use accountability style study websites where it is like a zoom. Has anyone used it or recommends it?,https://www.reddit.com/r/getstudying/comments/1vx84sn/,,3,Asks about accountability-style group video study websites.,
study_accountability,community,adat,adat,,,"Retrieved post: Study partner for ADAT 2027
Post URL: https://www.reddit.com/r/ADAT/comments/1wc921a/study_partner_for_adat_2027/",https://www.reddit.com/r/adat/,,3,Looks for a study partner for ADAT 2027 prep.,
study_accountability,community,datastructures,datastructures,,,"Retrieved post: Looking for a DSA Study Partner (Tamil preferred
Post URL: https://www.reddit.com/r/datastructures/comments/1vd8nmt/looking_for_a_dsa_study_partner_tamil_preferred/",https://www.reddit.com/r/datastructures/,,3,Looks for a DSA study partner.,
study_accountability,community,dsaleetcode,dsaleetcode,,,"Retrieved post: Looking for a DSA Study Partner (Tamil preferred)
Post URL: https://www.reddit.com/r/DSALeetCode/comments/1vd8mbs/looking_for_a_dsa_study_partner_tamil_preferred/",https://www.reddit.com/r/dsaleetcode/,,3,Looks for a DSA study partner.,
study_accountability,community,gre,gre,,,"Retrieved post: Looking for a dedicated study partner for gre exam
Post URL: https://www.reddit.com/r/GRE/comments/1wbsybz/looking_for_a_dedicated_study_partner_for_gre_exam/",https://www.reddit.com/r/gre/,,3,Wants a dedicated study partner for GRE preparation.,
study_accountability,community,learnprogramming,learnprogramming,,,"Retrieved post: Study together? anyone?
Post URL: https://www.reddit.com/r/learnprogramming/comments/1vklx47/study_together_anyone/",https://www.reddit.com/r/learnprogramming/,,3,Invites others to study together,
study_accountability,community,neet_india,neet_india,,,"Retrieved post: Looking for a serious NEET study partner/accountability buddy 📚
Post URL: https://www.reddit.com/r/Neet_india/comments/1wbet9y/looking_for_a_serious_neet_study/",https://www.reddit.com/r/neet_india/,,3,Wants a study partner or accountability buddy for NEET preparation.,
study_accountability,community,ssc_cgl_beginners,ssc_cgl_beginners,,,"Retrieved post: Looking for a virtual study partner for preparation of SSC CGL 2027/28 and STATE PCS
Post URL: https://www.reddit.com/r/SSC_CGL_Beginners/comments/1vh7gky/looking_for_a_virtual_study_partner_for/",https://www.reddit.com/r/ssc_cgl_beginners/,,3,Searches for a virtual partner for competitive exam preparation.,
study_accountability,community,step1exam,step1exam,,,"Retrieved post: Looking for a USMLE Step 1 Study Partner (Dedicated Phase)
Post URL: https://www.reddit.com/r/Step1Exam/comments/1vi6zby/looking_for_a_usmle_step_1_study_partner/",https://www.reddit.com/r/step1exam/,,3,Wants a study partner for USMLE Step 1 preparation.,
study_accountability,community,step2,step2,,,"Retrieved post: Step 2 CK Virtual Study Room (June/July 2026 – Match 2027)
Post URL: https://www.reddit.com/r/Step2/comments/1rzmh7t/step_2_ck_virtual_study_room_junejuly_2026_match/",https://www.reddit.com/r/step2/,,3,Offers a virtual study room for exam preparation.,
study_accountability,community,study,study,,,"Retrieved post: Anyone interested in studying together online?
Post URL: https://www.reddit.com/r/study/comments/1w6tdix/anyone_interested_in_studying_together_online/",https://www.reddit.com/r/study/,,3,Invites people to join online study sessions.,
study_accountability,community,upsc,upsc,,,"Retrieved post: Monthly Study Partner Thread - Sep , 2026
Post URL: https://www.reddit.com/r/UPSC/comments/1w42ow6/monthly_study_partner_thread_sep_2026/",https://www.reddit.com/r/upsc/,,2,Features a monthly thread for finding UPSC study partners.,
study_accountability,community,usmleindia,usmleindia,,,"Retrieved post: Looking for a few serious USMLE Step 1 study/accountability partners for a small Google Meet study group.
Post URL: https://www.reddit.com/r/USMLEindia/comments/1wek746/looking_for_a_few_serious_usmle_step_1/",https://www.reddit.com/r/usmleindia/,,3,Forms a Google Meet study group for shared preparation and accountability.,
